"app_name_greenball","date","STEAM_MAX_PLAYER_COUNT","daily_connections","EXITLAG_unique_users"
"Counter-Strike 2","2025-12-03","1494906","85613","12417"
"Dota 2","2025-12-03","783300","34891","4392"
"PUBG","2025-12-03","663809","96199","2416"
"Apex Legends","2025-12-03","179380","76649","2723"
"Battlefield™ 6","2025-12-03","138477","60095","4234"
"Marvel Rivals","2025-12-03","105422","59157","1991"
"Rust","2025-12-03","93330","2476","496"
"Destiny 2","2025-12-03","70066","17428","261"
"Helldivers 2","2025-12-03","69370","2904","205"
"EA SPORTS FC 26","2025-12-03","66438","32961","1185"
"Call Of Duty: MWII | MWIII","2025-12-03","56148","8797","302"
"Baldur's Gate 3","2025-12-03","50165","60","10"
"Rainbow Six Siege","2025-12-03","49647","0","0"
"Dead by Daylight","2025-12-03","44658","60251","2441"
"Don't Starve Together","2025-12-03","44488","98","14"
"Farming Simulator 25","2025-12-03","43446","16","8"
"Team Fortress 2","2025-12-03","39283","419","45"
"PalWorld","2025-12-03","34412","146","27"
"Path of Exile","2025-12-03","33340","108320","2020"
"R.E.P.O.","2025-12-03","32823","878","159"
"Overwatch 2","2025-12-03","31812","44839","2514"
"Street Fighter VI","2025-12-03","31600","3544","136"
"Limbus Company","2025-12-03","30260","25","12"
"Europa Universalis V","2025-12-03","29702","0","0"
"Warhammer 40,000: Darktide","2025-12-03","28805","10067","193"
"Risk of Rain 2","2025-12-03","27594","186","61"
"Enshrouded","2025-12-03","26670","408","73"
"Elden Ring","2025-12-03","26593","324","89"
"INAZUMA ELEVEN: Victory Road","2025-12-03","26426","7","3"
"PAYDAY 2","2025-12-03","26202","4","2"
"NBA 2K26","2025-12-03","24809","14414","333"
"Stalcraft: X","2025-12-03","24324","3915","108"
"Left 4 Dead 2","2025-12-03","23591","1495","63"
"Hunt: Showdown","2025-12-03","23458","32817","217"
"Total War Warhammer 3","2025-12-03","23268","50","8"
"ARK: Survival Evolved","2025-12-03","23104","67","9"
"7 Days to Die","2025-12-03","22786","89","14"
"Project Zomboid","2025-12-03","21850","159","45"
"Rocket League","2025-12-03","20427","46284","1502"
"Monster Hunter Wilds","2025-12-03","20030","667","46"
"Football Manager 2024","2025-12-03","19814","0","0"
"ARK Survival Ascended","2025-12-03","18806","1030","70"
"Russian Fishing 4","2025-12-03","18307","12","4"
"CS: Source","2025-12-03","17871","94","31"
"Eternal Return","2025-12-03","17712","5998","353"
"Once Human","2025-12-03","17637","3522","159"
"Factorio","2025-12-03","17583","17","6"
"Final Fantasy XIV","2025-12-03","17201","35659","3214"
"Fallout 76","2025-12-03","17047","541","28"
"Warhammer: Vermintide 2","2025-12-03","16928","570","32"
"Black Desert Online","2025-12-03","16778","128106","4753"
"eFootball™ 2026","2025-12-03","16742","41251","281"
"Warhammer 40,000: Space Marine 2","2025-12-03","16434","2315","79"
"EA SPORTS FC 25","2025-12-03","16155","1954","48"
"IdleOn - The Idle MMO","2025-12-03","15793","2","1"
"World of Tanks","2025-12-03","15708","53968","1368"
"Sid Meier's Civilization V","2025-12-03","15027","0","0"
"Goose Goose Duck","2025-12-03","14745","29","6"
"Assetto Corsa","2025-12-03","14448","57","15"
"Stellaris","2025-12-03","14182","0","0"
"NBA 2K25","2025-12-03","14112","15","3"
"Split Fiction","2025-12-03","13742","37","4"
"Party Animals","2025-12-03","13625","311","17"
"F1 25","2025-12-03","13217","53","24"
"MIR4","2025-12-03","12948","10880","1317"
"No Man's Sky","2025-12-03","12800","5","2"
"Phasmophobia","2025-12-03","12710","510","38"
"Squad","2025-12-03","12408","31936","65"
"The Finals","2025-12-03","11512","7499","192"
"Unturned","2025-12-03","11390","77","8"
"Wuthering Waves","2025-12-03","11156","1666","844"
"Schedule I ","2025-12-03","10833","27","4"
"The Planet Crafter","2025-12-03","10795","14","1"
"Throne and Liberty Global","2025-12-03","10784","199874","2477"
"Anno 117: Pax Romana","2025-12-03","10767","7","3"
"Path of Exile 2","2025-12-03","9822","7663","251"
"Arma Reforger","2025-12-03","9634","132","40"
"Bloons TD 6","2025-12-03","9340","513","10"
"Ghost Of Tsushima","2025-12-03","9309","17","1"
"Sons of The Forest","2025-12-03","9028","22","8"
"Tabletop Simulator","2025-12-03","8438","10","5"
"Diablo IV China","2025-12-03","8194","0","0"
"Borderlands 4","2025-12-03","7933","45","8"
"Raft","2025-12-03","7927","2","2"
"Monster Hunter Rise","2025-12-03","7696","25","3"
"Dying Light","2025-12-03","7638","0","0"
"Tekken 8","2025-12-03","7486","841","52"
"Sid Meier's Civilization VII","2025-12-03","7411","0","0"
"Escape the Backrooms","2025-12-03","7396","23","2"
"The Isle","2025-12-03","7332","160","33"
"Solo Leveling: ARISE OVERDRIVE","2025-12-03","7321","108","35"
"Dark Souls III","2025-12-03","7204","45","11"
"Deep Rock Galactic","2025-12-03","7107","133","7"
"Call to Arms - Gates of Hell: Ostfront","2025-12-03","7037","6","2"
"RV There Yet?","2025-12-03","7010","127","16"
"Dying Light: The Beast","2025-12-03","7001","18","4"
"Blue Protocol: Star Resonance","2025-12-03","6859","27501","537"
"The First Descendant","2025-12-03","6747","5408","122"
"Grounded","2025-12-03","6718","12","3"
"MY HERO ULTRA RUMBLE","2025-12-03","6434","1198","39"
"Counter-Strike 2","2025-12-02","1270394","96223","13995"
"Dota 2","2025-12-02","809836","39005","4752"
"PUBG","2025-12-02","600795","156024","3437"
"Apex Legends","2025-12-02","184994","83844","2983"
"Battlefield™ 6","2025-12-02","166445","74510","5118"
"Rust","2025-12-02","108165","3114","603"
"Marvel Rivals","2025-12-02","107266","67072","2248"
"Destiny 2","2025-12-02","71172","12513","226"
"EA SPORTS FC 26","2025-12-02","67178","49932","1401"
"Helldivers 2","2025-12-02","65492","2523","207"
"Call Of Duty: MWII | MWIII","2025-12-02","58255","11124","342"
"Baldur's Gate 3","2025-12-02","55572","75","17"
"Rainbow Six Siege","2025-12-02","54105","0","0"
"Team Fortress 2","2025-12-02","53132","714","81"
"Dead by Daylight","2025-12-02","48084","73816","2781"
"Don't Starve Together","2025-12-02","45110","193","15"
"Farming Simulator 25","2025-12-02","44404","42","13"
"Path of Exile","2025-12-02","36599","131903","2337"
"R.E.P.O.","2025-12-02","36075","1154","231"
"PalWorld","2025-12-02","35407","138","32"
"Street Fighter VI","2025-12-02","33083","3627","144"
"Warhammer 40,000: Darktide","2025-12-02","32677","8566","177"
"Overwatch 2","2025-12-02","32399","50256","2789"
"Europa Universalis V","2025-12-02","32192","0","0"
"INAZUMA ELEVEN: Victory Road","2025-12-02","31233","30","9"
"Enshrouded","2025-12-02","30830","653","102"
"Risk of Rain 2","2025-12-02","30348","248","81"
"Limbus Company","2025-12-02","28773","22","12"
"PAYDAY 2","2025-12-02","27849","55","4"
"Elden Ring","2025-12-02","27235","641","124"
"Total War Warhammer 3","2025-12-02","25366","28","7"
"NBA 2K26","2025-12-02","25028","15255","341"
"Rocket League","2025-12-02","23754","65268","1786"
"ARK: Survival Evolved","2025-12-02","23234","97","11"
"Left 4 Dead 2","2025-12-02","23234","1582","61"
"7 Days to Die","2025-12-02","23032","88","15"
"Hunt: Showdown","2025-12-02","22806","37457","252"
"Project Zomboid","2025-12-02","22609","217","59"
"Football Manager 2024","2025-12-02","21214","0","0"
"Monster Hunter Wilds","2025-12-02","20215","592","48"
"ARK Survival Ascended","2025-12-02","19886","1479","88"
"Factorio","2025-12-02","19210","30","8"
"Eternal Return","2025-12-02","18718","6413","414"
"Warhammer: Vermintide 2","2025-12-02","18656","805","43"
"Russian Fishing 4","2025-12-02","18441","8","6"
"Once Human","2025-12-02","18421","4274","171"
"Stalcraft: X","2025-12-02","17771","5384","93"
"CS: Source","2025-12-02","17115","82","24"
"Warhammer 40,000: Space Marine 2","2025-12-02","17008","3680","114"
"Final Fantasy XIV","2025-12-02","16936","37340","3607"
"Black Desert Online","2025-12-02","16861","148125","5144"
"eFootball™ 2026","2025-12-02","16410","53223","339"
"EA SPORTS FC 25","2025-12-02","16276","1862","63"
"IdleOn - The Idle MMO","2025-12-02","16007","10","2"
"Sid Meier's Civilization V","2025-12-02","15865","0","0"
"Phasmophobia","2025-12-02","15307","677","56"
"Assetto Corsa","2025-12-02","14694","83","24"
"Goose Goose Duck","2025-12-02","14381","36","5"
"Stellaris","2025-12-02","14352","2","1"
"Split Fiction","2025-12-02","14201","3","1"
"Party Animals","2025-12-02","14144","386","23"
"NBA 2K25","2025-12-02","14134","156","5"
"Squad","2025-12-02","13341","40975","78"
"MIR4","2025-12-02","13116","12931","1420"
"F1 25","2025-12-02","13071","106","32"
"Unturned","2025-12-02","13057","66","9"
"Anno 117: Pax Romana","2025-12-02","12804","2","2"
"The Planet Crafter","2025-12-02","12477","18","1"
"Wuthering Waves","2025-12-02","12468","2378","1058"
"The Finals","2025-12-02","12270","8765","229"
"No Man's Sky","2025-12-02","12124","42","9"
"Schedule I ","2025-12-02","11830","33","2"
"World of Tanks","2025-12-02","10650","61342","1348"
"Ghost Of Tsushima","2025-12-02","10575","9","2"
"Path of Exile 2","2025-12-02","10535","10156","321"
"Throne and Liberty Global","2025-12-02","10453","258214","2663"
"Arma Reforger","2025-12-02","10378","186","59"
"RV There Yet?","2025-12-02","10110","95","8"
"Fallout 76","2025-12-02","9498","346","33"
"Sons of The Forest","2025-12-02","9130","18","9"
"Tekken 8","2025-12-02","9011","1291","75"
"Diablo IV China","2025-12-02","8668","0","0"
"Bloons TD 6","2025-12-02","8587","179","6"
"Borderlands 4","2025-12-02","8508","15","3"
"Solo Leveling: ARISE OVERDRIVE","2025-12-02","8391","160","47"
"Blue Protocol: Star Resonance","2025-12-02","8322","37704","607"
"Dying Light","2025-12-02","8216","0","0"
"Tabletop Simulator","2025-12-02","8210","14","11"
"Dying Light: The Beast","2025-12-02","7977","84","7"
"Monster Hunter Rise","2025-12-02","7964","23","1"
"Raft","2025-12-02","7922","24","9"
"Escape the Backrooms","2025-12-02","7917","74","3"
"Sid Meier's Civilization VII","2025-12-02","7913","0","0"
"The Isle","2025-12-02","7542","211","43"
"Dark Souls III","2025-12-02","7475","88","10"
"Grounded","2025-12-02","7459","19","8"
"Deep Rock Galactic","2025-12-02","7376","241","13"
"Sea of Thieves","2025-12-02","7009","5381","175"
"Dune: Awakening","2025-12-02","6967","1049","54"
"The First Descendant","2025-12-02","6927","6602","119"
"Counter-Strike 2","2025-12-01","1302476","91510","13735"
"Dota 2","2025-12-01","799762","38083","4687"
"PUBG","2025-12-01","603990","152734","3366"
"Apex Legends","2025-12-01","181634","82228","2942"
"Battlefield™ 6","2025-12-01","175228","78209","5366"
"Marvel Rivals","2025-12-01","114282","68340","2298"
"Rust","2025-12-01","110619","3191","642"
"Team Fortress 2","2025-12-01","75956","537","80"
"EA SPORTS FC 26","2025-12-01","70638","58683","1440"
"Call Of Duty: MWII | MWIII","2025-12-01","67734","11607","368"
"Baldur's Gate 3","2025-12-01","60085","59","16"
"Dead by Daylight","2025-12-01","46946","71580","2732"
"Don't Starve Together","2025-12-01","45800","115","19"
"Farming Simulator 25","2025-12-01","44281","36","9"
"Rainbow Six Siege","2025-12-01","40308","0","0"
"Path of Exile","2025-12-01","39197","148066","2481"
"R.E.P.O.","2025-12-01","36544","1025","213"
"PalWorld","2025-12-01","35750","156","37"
"Risk of Rain 2","2025-12-01","33554","178","61"
"Overwatch 2","2025-12-01","33266","52614","2864"
"Street Fighter VI","2025-12-01","32952","4401","147"
"Europa Universalis V","2025-12-01","32590","0","0"
"Enshrouded","2025-12-01","32315","671","83"
"Helldivers 2","2025-12-01","29542","1444","135"
"Limbus Company","2025-12-01","29433","11","9"
"INAZUMA ELEVEN: Victory Road","2025-12-01","28316","16","5"
"Elden Ring","2025-12-01","27048","454","110"
"PAYDAY 2","2025-12-01","26790","49","4"
"Left 4 Dead 2","2025-12-01","26069","1546","75"
"Total War Warhammer 3","2025-12-01","25935","85","17"
"NBA 2K26","2025-12-01","24842","16653","369"
"Rocket League","2025-12-01","24827","62058","1777"
"Project Zomboid","2025-12-01","23998","157","44"
"ARK: Survival Evolved","2025-12-01","23413","39","11"
"7 Days to Die","2025-12-01","23142","157","24"
"Hunt: Showdown","2025-12-01","22522","41002","265"
"Football Manager 2024","2025-12-01","21708","0","0"
"ARK Survival Ascended","2025-12-01","20819","1311","88"
"Monster Hunter Wilds","2025-12-01","20424","752","63"
"Warhammer: Vermintide 2","2025-12-01","19965","712","43"
"Factorio","2025-12-01","19219","9","8"
"Warhammer 40,000: Space Marine 2","2025-12-01","19180","4067","110"
"Once Human","2025-12-01","19011","3774","170"
"Eternal Return","2025-12-01","18941","6668","408"
"Destiny 2","2025-12-01","18538","7997","141"
"CS: Source","2025-12-01","18252","74","29"
"Final Fantasy XIV","2025-12-01","18093","37871","3464"
"Russian Fishing 4","2025-12-01","17946","23","8"
"Stalcraft: X","2025-12-01","17449","2493","96"
"Black Desert Online","2025-12-01","16974","149652","5181"
"eFootball™ 2026","2025-12-01","16774","53296","331"
"EA SPORTS FC 25","2025-12-01","16564","1463","61"
"IdleOn - The Idle MMO","2025-12-01","16481","24","3"
"Sid Meier's Civilization V","2025-12-01","15981","0","0"
"Phasmophobia","2025-12-01","15723","815","65"
"Stellaris","2025-12-01","14667","0","0"
"Assetto Corsa","2025-12-01","14619","125","20"
"Goose Goose Duck","2025-12-01","14504","28","3"
"Anno 117: Pax Romana","2025-12-01","14182","0","0"
"Schedule I ","2025-12-01","14074","41","3"
"Party Animals","2025-12-01","14064","219","19"
"Split Fiction","2025-12-01","13904","38","5"
"NBA 2K25","2025-12-01","13604","130","7"
"The Planet Crafter","2025-12-01","13427","4","1"
"F1 25","2025-12-01","13250","78","37"
"Wuthering Waves","2025-12-01","13155","5052","1055"
"No Man's Sky","2025-12-01","13108","84","7"
"MIR4","2025-12-01","13104","13216","1426"
"Squad","2025-12-01","13026","43234","75"
"The Finals","2025-12-01","12809","9751","228"
"Unturned","2025-12-01","12254","97","12"
"Ghost Of Tsushima","2025-12-01","11005","28","1"
"RV There Yet?","2025-12-01","10905","173","13"
"Path of Exile 2","2025-12-01","10670","10084","313"
"Fallout 76","2025-12-01","10653","413","38"
"Warhammer 40,000: Darktide","2025-12-01","10643","3910","91"
"World of Tanks","2025-12-01","10490","61332","1337"
"Arma Reforger","2025-12-01","10466","162","54"
"Borderlands 4","2025-12-01","10294","36","9"
"Throne and Liberty Global","2025-12-01","9923","245767","2475"
"Bloons TD 6","2025-12-01","9500","289","6"
"Blue Protocol: Star Resonance","2025-12-01","9282","46632","635"
"Sons of The Forest","2025-12-01","9276","23","11"
"Solo Leveling: ARISE OVERDRIVE","2025-12-01","9076","160","44"
"Tabletop Simulator","2025-12-01","9033","9","7"
"Diablo IV China","2025-12-01","8781","0","0"
"Sid Meier's Civilization VII","2025-12-01","8519","0","0"
"Dying Light","2025-12-01","8273","3","1"
"Dying Light: The Beast","2025-12-01","8245","54","9"
"Monster Hunter Rise","2025-12-01","7966","33","2"
"Raft","2025-12-01","7896","21","7"
"Escape the Backrooms","2025-12-01","7857","21","2"
"The Isle","2025-12-01","7530","206","48"
"Deep Rock Galactic","2025-12-01","7529","90","8"
"Dark Souls III","2025-12-01","7466","74","9"
"Ready or Not","2025-12-01","7436","268","28"
"Fellowship","2025-12-01","7204","6788","263"
"Blue Archive","2025-12-01","7071","330","37"
"Grounded","2025-12-01","7051","7","3"
"The First Descendant","2025-12-01","6918","5354","120"
"Counter-Strike 2","2025-11-30","1492258","220084","14794"
"Dota 2","2025-11-30","905516","87532","5054"
"PUBG","2025-11-30","631135","399798","3844"
"Battlefield™ 6","2025-11-30","244482","226256","6385"
"Apex Legends","2025-11-30","193994","219243","3365"
"Rust","2025-11-30","129988","8292","752"
"Marvel Rivals","2025-11-30","119415","151600","2419"
"Call Of Duty: MWII | MWIII","2025-11-30","83422","29000","377"
"EA SPORTS FC 26","2025-11-30","80099","119277","1424"
"Baldur's Gate 3","2025-11-30","78041","122","21"
"Team Fortress 2","2025-11-30","76644","1330","71"
"Farming Simulator 25","2025-11-30","54807","122","11"
"Dead by Daylight","2025-11-30","53508","164357","2904"
"Don't Starve Together","2025-11-30","51051","344","20"
"R.E.P.O.","2025-11-30","50844","3044","306"
"Rainbow Six Siege","2025-11-30","50324","0","0"
"Path of Exile","2025-11-30","47924","381309","2723"
"Enshrouded","2025-11-30","43730","1900","114"
"PalWorld","2025-11-30","43273","423","43"
"Europa Universalis V","2025-11-30","40331","0","0"
"Overwatch 2","2025-11-30","38797","109852","2947"
"Risk of Rain 2","2025-11-30","37458","466","86"
"Helldivers 2","2025-11-30","35637","3368","156"
"INAZUMA ELEVEN: Victory Road","2025-11-30","35511","75","9"
"Elden Ring","2025-11-30","35164","1357","95"
"Limbus Company","2025-11-30","33795","77","13"
"Total War Warhammer 3","2025-11-30","32061","84","8"
"Left 4 Dead 2","2025-11-30","31999","2867","88"
"7 Days to Die","2025-11-30","31288","427","26"
"Project Zomboid","2025-11-30","30720","522","53"
"Street Fighter VI","2025-11-30","30257","8552","163"
"ARK: Survival Evolved","2025-11-30","29257","107","9"
"Hunt: Showdown","2025-11-30","26745","94102","319"
"NBA 2K26","2025-11-30","26518","35477","368"
"ARK Survival Ascended","2025-11-30","26348","3492","93"
"PAYDAY 2","2025-11-30","26269","42","2"
"Warhammer: Vermintide 2","2025-11-30","26023","2266","61"
"Rocket League","2025-11-30","25725","139029","1978"
"Football Manager 2024","2025-11-30","25350","0","0"
"Factorio","2025-11-30","24550","36","13"
"Monster Hunter Wilds","2025-11-30","24180","1904","70"
"Warhammer 40,000: Space Marine 2","2025-11-30","24172","10326","125"
"Destiny 2","2025-11-30","21107","18328","128"
"Once Human","2025-11-30","20733","7835","167"
"Phasmophobia","2025-11-30","20459","2194","79"
"Russian Fishing 4","2025-11-30","20263","55","9"
"Final Fantasy XIV","2025-11-30","20097","74640","3621"
"EA SPORTS FC 25","2025-11-30","19890","3654","64"
"Sid Meier's Civilization V","2025-11-30","19433","0","0"
"Stellaris","2025-11-30","19255","4","1"
"Anno 117: Pax Romana","2025-11-30","19211","26","5"
"Eternal Return","2025-11-30","19070","15349","450"
"Stalcraft: X","2025-11-30","18620","5740","110"
"CS: Source","2025-11-30","18617","186","31"
"Assetto Corsa","2025-11-30","18198","198","27"
"eFootball™ 2026","2025-11-30","18158","106387","339"
"The Planet Crafter","2025-11-30","18087","84","4"
"Black Desert Online","2025-11-30","17920","397204","5502"
"No Man's Sky","2025-11-30","17747","235","13"
"IdleOn - The Idle MMO","2025-11-30","17401","30","3"
"Schedule I ","2025-11-30","17223","113","9"
"Squad","2025-11-30","17097","106009","87"
"Goose Goose Duck","2025-11-30","16802","154","8"
"Split Fiction","2025-11-30","16512","28","2"
"RV There Yet?","2025-11-30","16070","514","22"
"The Finals","2025-11-30","15333","19917","240"
"F1 25","2025-11-30","15202","167","38"
"Wuthering Waves","2025-11-30","14977","11416","1061"
"Ghost Of Tsushima","2025-11-30","14803","44","1"
"Party Animals","2025-11-30","14788","1401","26"
"NBA 2K25","2025-11-30","14497","170","5"
"Unturned","2025-11-30","13862","263","12"
"Path of Exile 2","2025-11-30","13824","24476","316"
"Arma Reforger","2025-11-30","13776","542","75"
"Borderlands 4","2025-11-30","13722","147","14"
"Sons of The Forest","2025-11-30","13612","103","15"
"Fallout 76","2025-11-30","13273","1044","40"
"MIR4","2025-11-30","13220","22963","1429"
"Warhammer 40,000: Darktide","2025-11-30","13190","9296","103"
"Solo Leveling: ARISE OVERDRIVE","2025-11-30","12839","400","57"
"Dying Light: The Beast","2025-11-30","11991","251","12"
"Diablo IV China","2025-11-30","11597","0","0"
"Throne and Liberty Global","2025-11-30","11524","578352","2670"
"Bloons TD 6","2025-11-30","11502","734","7"
"Sid Meier's Civilization VII","2025-11-30","11106","0","0"
"Raft","2025-11-30","10425","41","5"
"Dying Light","2025-11-30","10392","30","5"
"Ready or Not","2025-11-30","10143","456","24"
"World of Tanks","2025-11-30","10132","141087","1282"
"Deep Rock Galactic","2025-11-30","9964","94","6"
"Tabletop Simulator","2025-11-30","9843","41","10"
"Escape the Backrooms","2025-11-30","9630","48","3"
"Astroneer Space","2025-11-30","9608","0","0"
"Dark Souls III","2025-11-30","9360","22","6"
"The Isle","2025-11-30","9091","564","50"
"Fellowship","2025-11-30","9059","16034","297"
"Sea of Thieves","2025-11-30","9007","13061","189"
"Monster Hunter Rise","2025-11-30","8818","64","3"
"Dune: Awakening","2025-11-30","8659","3189","59"
"Blue Protocol: Star Resonance","2025-11-30","8326","69804","607"
"Counter-Strike 2","2025-11-29","1446954","223416","14664"
"Dota 2","2025-11-29","883275","87889","4956"
"PUBG","2025-11-29","615760","379458","3681"
"Battlefield™ 6","2025-11-29","236757","230533","6491"
"Apex Legends","2025-11-29","198929","218495","3358"
"Rust","2025-11-29","144205","8186","795"
"Marvel Rivals","2025-11-29","124018","166961","2493"
"Call Of Duty: MWII | MWIII","2025-11-29","78844","28232","378"
"Team Fortress 2","2025-11-29","78088","2236","93"
"EA SPORTS FC 26","2025-11-29","74241","129762","1448"
"Baldur's Gate 3","2025-11-29","72107","125","21"
"R.E.P.O.","2025-11-29","56405","3275","330"
"Dead by Daylight","2025-11-29","53812","170036","2894"
"Don't Starve Together","2025-11-29","53279","377","19"
"Rainbow Six Siege","2025-11-29","49277","0","0"
"Path of Exile","2025-11-29","48441","395826","2792"
"Farming Simulator 25","2025-11-29","46420","51","7"
"Enshrouded","2025-11-29","42085","1534","95"
"PalWorld","2025-11-29","41685","488","46"
"Europa Universalis V","2025-11-29","39182","0","0"
"Overwatch 2","2025-11-29","38966","114976","2998"
"Limbus Company","2025-11-29","38051","63","15"
"Risk of Rain 2","2025-11-29","37149","443","80"
"INAZUMA ELEVEN: Victory Road","2025-11-29","36232","86","6"
"Helldivers 2","2025-11-29","36021","3068","153"
"Elden Ring","2025-11-29","35470","1203","106"
"Street Fighter VI","2025-11-29","31674","7743","148"
"Left 4 Dead 2","2025-11-29","30622","4780","79"
"7 Days to Die","2025-11-29","30445","316","27"
"Total War Warhammer 3","2025-11-29","30064","51","8"
"Project Zomboid","2025-11-29","29577","271","45"
"ARK: Survival Evolved","2025-11-29","28086","107","16"
"Warhammer: Vermintide 2","2025-11-29","26616","2722","66"
"Monster Hunter Wilds","2025-11-29","26311","1770","68"
"NBA 2K26","2025-11-29","25839","38563","374"
"ARK Survival Ascended","2025-11-29","25600","3388","96"
"Hunt: Showdown","2025-11-29","25388","87139","300"
"Rocket League","2025-11-29","24853","139293","1893"
"Football Manager 2024","2025-11-29","24745","0","0"
"Factorio","2025-11-29","23738","65","16"
"Warhammer 40,000: Space Marine 2","2025-11-29","23726","6463","117"
"Phasmophobia","2025-11-29","21563","1697","57"
"EA SPORTS FC 25","2025-11-29","20881","5792","60"
"Once Human","2025-11-29","20478","7995","177"
"Destiny 2","2025-11-29","19887","20300","142"
"Eternal Return","2025-11-29","19736","15709","445"
"Stellaris","2025-11-29","19659","0","0"
"Stalcraft: X","2025-11-29","19646","5843","94"
"eFootball™ 2026","2025-11-29","19597","107978","340"
"Final Fantasy XIV","2025-11-29","19462","78934","3596"
"Sid Meier's Civilization V","2025-11-29","19412","0","0"
"Russian Fishing 4","2025-11-29","19004","61","8"
"CS: Source","2025-11-29","18683","243","27"
"Goose Goose Duck","2025-11-29","18509","157","11"
"RV There Yet?","2025-11-29","18299","493","19"
"IdleOn - The Idle MMO","2025-11-29","18167","42","3"
"Anno 117: Pax Romana","2025-11-29","17912","34","4"
"Assetto Corsa","2025-11-29","17868","322","27"
"Black Desert Online","2025-11-29","17729","382599","5369"
"The Planet Crafter","2025-11-29","17331","20","2"
"Squad","2025-11-29","17041","106372","110"
"No Man's Sky","2025-11-29","16931","241","13"
"Schedule I ","2025-11-29","16841","104","5"
"Split Fiction","2025-11-29","16789","42","2"
"The Finals","2025-11-29","15866","18822","236"
"Wuthering Waves","2025-11-29","15550","14755","1060"
"Party Animals","2025-11-29","15129","916","27"
"NBA 2K25","2025-11-29","14528","191","7"
"Arma Reforger","2025-11-29","13900","492","66"
"F1 25","2025-11-29","13889","205","34"
"Sons of The Forest","2025-11-29","13812","64","10"
"Borderlands 4","2025-11-29","13469","106","8"
"Ghost Of Tsushima","2025-11-29","13429","0","0"
"MIR4","2025-11-29","13273","25884","1428"
"Path of Exile 2","2025-11-29","13127","22826","327"
"Solo Leveling: ARISE OVERDRIVE","2025-11-29","12538","429","55"
"Fallout 76","2025-11-29","12535","885","41"
"Unturned","2025-11-29","12469","279","10"
"Warhammer 40,000: Darktide","2025-11-29","11664","7147","83"
"Bloons TD 6","2025-11-29","11626","580","11"
"Escape the Backrooms","2025-11-29","11312","30","3"
"Throne and Liberty Global","2025-11-29","11058","605310","2735"
"Dying Light: The Beast","2025-11-29","11042","74","6"
"Sid Meier's Civilization VII","2025-11-29","10804","0","0"
"Diablo IV China","2025-11-29","10480","0","0"
"Deep Rock Galactic","2025-11-29","10259","472","12"
"Raft","2025-11-29","10208","48","7"
"Dying Light","2025-11-29","10195","12","2"
"Astroneer Space","2025-11-29","10144","0","0"
"Dark Souls III","2025-11-29","9257","152","12"
"Monster Hunter Rise","2025-11-29","9117","88","2"
"Tabletop Simulator","2025-11-29","9021","40","7"
"Sea of Thieves","2025-11-29","8889","14526","200"
"Ready or Not","2025-11-29","8754","305","17"
"World of Tanks","2025-11-29","8723","137800","1217"
"Fellowship","2025-11-29","8626","15853","307"
"Blue Protocol: Star Resonance","2025-11-29","8564","73187","622"
"The Isle","2025-11-29","8563","1327","49"
"Dune: Awakening","2025-11-29","8419","2191","59"
"MIMESIS","2025-11-29","8358","0","0"
"Counter-Strike 2","2025-11-28","1428302","201258","14135"
"Dota 2","2025-11-28","822165","78757","4846"
"PUBG","2025-11-28","605231","323279","3466"
"Battlefield™ 6","2025-11-28","228044","182740","5721"
"Apex Legends","2025-11-28","190892","179766","3027"
"Rust","2025-11-28","143831","10445","818"
"Marvel Rivals","2025-11-28","117095","166437","2440"
"EA SPORTS FC 26","2025-11-28","76359","114675","1351"
"Call Of Duty: MWII | MWIII","2025-11-28","72673","25095","354"
"Baldur's Gate 3","2025-11-28","62400","82","14"
"Team Fortress 2","2025-11-28","59052","906","70"
"Don't Starve Together","2025-11-28","50570","310","17"
"R.E.P.O.","2025-11-28","49474","2592","277"
"Dead by Daylight","2025-11-28","49247","146861","2741"
"Path of Exile","2025-11-28","47299","355569","2822"
"Rainbow Six Siege","2025-11-28","45859","0","0"
"Farming Simulator 25","2025-11-28","44132","44","9"
"Limbus Company","2025-11-28","42950","51","12"
"Enshrouded","2025-11-28","37617","1662","96"
"Europa Universalis V","2025-11-28","37119","0","0"
"PalWorld","2025-11-28","36435","449","35"
"Overwatch 2","2025-11-28","35794","99369","2789"
"Risk of Rain 2","2025-11-28","34003","400","71"
"Helldivers 2","2025-11-28","32317","2214","109"
"Street Fighter VI","2025-11-28","31873","8454","147"
"INAZUMA ELEVEN: Victory Road","2025-11-28","30930","34","3"
"Elden Ring","2025-11-28","29594","976","108"
"Left 4 Dead 2","2025-11-28","26901","2500","64"
"Total War Warhammer 3","2025-11-28","26258","88","9"
"PAYDAY 2","2025-11-28","26201","92","3"
"Rocket League","2025-11-28","25309","130676","1751"
"7 Days to Die","2025-11-28","25231","134","17"
"Project Zomboid","2025-11-28","25088","210","36"
"Warhammer: Vermintide 2","2025-11-28","24490","1582","47"
"ARK: Survival Evolved","2025-11-28","23944","105","11"
"NBA 2K26","2025-11-28","23777","33316","335"
"Hunt: Showdown","2025-11-28","23697","90885","273"
"ARK Survival Ascended","2025-11-28","23381","2662","80"
"Monster Hunter Wilds","2025-11-28","22642","1644","61"
"Warhammer 40,000: Space Marine 2","2025-11-28","22104","7269","87"
"Football Manager 2024","2025-11-28","21674","0","0"
"Factorio","2025-11-28","21476","97","10"
"Stalcraft: X","2025-11-28","20097","3911","97"
"Eternal Return","2025-11-28","19909","14066","426"
"Phasmophobia","2025-11-28","19222","2170","61"
"EA SPORTS FC 25","2025-11-28","19071","3552","65"
"eFootball™ 2026","2025-11-28","19065","111193","348"
"Once Human","2025-11-28","18696","6307","165"
"Destiny 2","2025-11-28","18433","17295","130"
"Russian Fishing 4","2025-11-28","18139","80","7"
"Final Fantasy XIV","2025-11-28","17953","71332","3473"
"CS: Source","2025-11-28","17914","172","30"
"Sid Meier's Civilization V","2025-11-28","17706","0","0"
"Assetto Corsa","2025-11-28","17385","147","22"
"Black Desert Online","2025-11-28","17334","314681","5182"
"Anno 117: Pax Romana","2025-11-28","17088","18","3"
"Stellaris","2025-11-28","16482","0","0"
"IdleOn - The Idle MMO","2025-11-28","16380","94","4"
"Goose Goose Duck","2025-11-28","16142","128","9"
"RV There Yet?","2025-11-28","15628","370","14"
"No Man's Sky","2025-11-28","15218","36","5"
"The Planet Crafter","2025-11-28","15149","20","1"
"Party Animals","2025-11-28","14637","687","23"
"Schedule I ","2025-11-28","14627","42","2"
"NBA 2K25","2025-11-28","14580","156","5"
"Wuthering Waves","2025-11-28","14429","8191","1034"
"Squad","2025-11-28","14206","85037","60"
"The Finals","2025-11-28","13776","13767","205"
"Split Fiction","2025-11-28","13719","28","2"
"MIR4","2025-11-28","13144","21152","1370"
"F1 25","2025-11-28","12819","210","38"
"Arma Reforger","2025-11-28","12668","436","61"
"Borderlands 4","2025-11-28","12185","31","5"
"Path of Exile 2","2025-11-28","11962","18590","297"
"Unturned","2025-11-28","11662","276","7"
"Sons of The Forest","2025-11-28","11549","10","4"
"Ghost Of Tsushima","2025-11-28","11448","0","0"
"Fallout 76","2025-11-28","11395","1274","39"
"Solo Leveling: ARISE OVERDRIVE","2025-11-28","11381","246","39"
"Throne and Liberty Global","2025-11-28","11025","559024","2660"
"Bloons TD 6","2025-11-28","10879","404","10"
"Escape the Backrooms","2025-11-28","10194","20","1"
"Astroneer Space","2025-11-28","10019","0","0"
"Sid Meier's Civilization VII","2025-11-28","9777","0","0"
"Dying Light: The Beast","2025-11-28","9254","176","8"
"Deep Rock Galactic","2025-11-28","9166","122","4"
"Warhammer 40,000: Darktide","2025-11-28","9163","5293","65"
"Ready or Not","2025-11-28","8948","235","18"
"Diablo IV China","2025-11-28","8860","0","0"
"Dying Light","2025-11-28","8855","34","4"
"Blue Protocol: Star Resonance","2025-11-28","8845","68704","650"
"Fellowship","2025-11-28","8764","15412","306"
"Monster Hunter Rise","2025-11-28","8673","78","2"
"Raft","2025-11-28","8591","80","11"
"World of Tanks","2025-11-28","8404","119010","1191"
"The Isle","2025-11-28","8144","572","45"
"Sea of Thieves","2025-11-28","7823","9336","166"
"Dune: Awakening","2025-11-28","7752","2127","52"
"The First Descendant","2025-11-28","7703","12661","121"
"Tabletop Simulator","2025-11-28","7632","18","5"
"Counter-Strike 2","2025-11-27","1362849","189049","13960"
"Dota 2","2025-11-27","778728","75102","4751"
"PUBG","2025-11-27","620240","325983","3529"
"Battlefield™ 6","2025-11-27","198449","174258","5807"
"Apex Legends","2025-11-27","185129","174475","3004"
"Rust","2025-11-27","121672","6734","731"
"Marvel Rivals","2025-11-27","102317","142665","2251"
"Call Of Duty: MWII | MWIII","2025-11-27","68960","22874","331"
"EA SPORTS FC 26","2025-11-27","63643","88840","1281"
"Team Fortress 2","2025-11-27","61301","1280","75"
"Baldur's Gate 3","2025-11-27","54704","76","16"
"Path of Exile","2025-11-27","48656","357504","2909"
"Limbus Company","2025-11-27","47820","64","16"
"Don't Starve Together","2025-11-27","44453","298","22"
"Farming Simulator 25","2025-11-27","44026","30","5"
"Dead by Daylight","2025-11-27","43862","144930","2689"
"Rainbow Six Siege","2025-11-27","41549","0","0"
"R.E.P.O.","2025-11-27","38391","2546","257"
"Risk of Rain 2","2025-11-27","35026","307","65"
"Europa Universalis V","2025-11-27","34527","0","0"
"PalWorld","2025-11-27","34308","358","33"
"Overwatch 2","2025-11-27","34159","97660","2864"
"Enshrouded","2025-11-27","32000","1054","90"
"Street Fighter VI","2025-11-27","30390","8410","149"
"INAZUMA ELEVEN: Victory Road","2025-11-27","29102","34","6"
"Helldivers 2","2025-11-27","28659","2660","109"
"Elden Ring","2025-11-27","27763","866","102"
"PAYDAY 2","2025-11-27","24860","18","2"
"Warhammer: Vermintide 2","2025-11-27","24063","1714","53"
"Left 4 Dead 2","2025-11-27","24024","1851","73"
"Rocket League","2025-11-27","23906","123039","1718"
"7 Days to Die","2025-11-27","23808","148","21"
"Hunt: Showdown","2025-11-27","23600","80888","246"
"Total War Warhammer 3","2025-11-27","23489","60","10"
"NBA 2K26","2025-11-27","23292","29929","318"
"Project Zomboid","2025-11-27","22957","454","52"
"ARK: Survival Evolved","2025-11-27","22366","146","12"
"Monster Hunter Wilds","2025-11-27","22012","1285","57"
"ARK Survival Ascended","2025-11-27","21392","2013","71"
"Football Manager 2024","2025-11-27","21370","0","0"
"eFootball™ 2026","2025-11-27","21352","117068","338"
"Eternal Return","2025-11-27","19891","11844","406"
"Stalcraft: X","2025-11-27","19567","6570","102"
"Factorio","2025-11-27","19305","32","10"
"Warhammer 40,000: Space Marine 2","2025-11-27","19193","6095","107"
"Once Human","2025-11-27","18528","8070","184"
"CS: Source","2025-11-27","18515","158","24"
"Russian Fishing 4","2025-11-27","17854","18","5"
"EA SPORTS FC 25","2025-11-27","17330","4378","68"
"Assetto Corsa","2025-11-27","17322","150","20"
"IdleOn - The Idle MMO","2025-11-27","16849","50","3"
"Black Desert Online","2025-11-27","16513","341495","5522"
"Sid Meier's Civilization V","2025-11-27","16317","0","0"
"Final Fantasy XIV","2025-11-27","16260","71352","3533"
"Phasmophobia","2025-11-27","15793","1714","62"
"Anno 117: Pax Romana","2025-11-27","15515","6","3"
"Stellaris","2025-11-27","15160","12","1"
"Destiny 2","2025-11-27","14938","14280","126"
"No Man's Sky","2025-11-27","14362","104","10"
"NBA 2K25","2025-11-27","14254","192","8"
"Party Animals","2025-11-27","13665","698","23"
"The Planet Crafter","2025-11-27","13651","108","4"
"MIR4","2025-11-27","13362","19970","1406"
"Squad","2025-11-27","13250","81467","68"
"Goose Goose Duck","2025-11-27","13017","188","8"
"Schedule I ","2025-11-27","12436","6","1"
"The Finals","2025-11-27","12333","15851","192"
"Split Fiction","2025-11-27","12238","20","2"
"Unturned","2025-11-27","12145","358","7"
"RV There Yet?","2025-11-27","11602","134","4"
"Path of Exile 2","2025-11-27","11560","17335","291"
"F1 25","2025-11-27","11309","90","27"
"Solo Leveling: ARISE OVERDRIVE","2025-11-27","11297","238","41"
"Fallout 76","2025-11-27","11212","790","33"
"Throne and Liberty Global","2025-11-27","10796","588391","2776"
"Borderlands 4","2025-11-27","10759","84","6"
"Ghost Of Tsushima","2025-11-27","10629","0","0"
"Arma Reforger","2025-11-27","10370","438","53"
"Astroneer Space","2025-11-27","10060","2","1"
"Bloons TD 6","2025-11-27","10016","116","4"
"Wuthering Waves","2025-11-27","9986","3828","1070"
"Sons of The Forest","2025-11-27","9964","22","8"
"Deep Rock Galactic","2025-11-27","8748","304","8"
"Diablo IV China","2025-11-27","8581","0","0"
"World of Tanks","2025-11-27","8408","117807","1165"
"Sid Meier's Civilization VII","2025-11-27","8343","0","0"
"Blue Protocol: Star Resonance","2025-11-27","8251","66312","677"
"Monster Hunter Rise","2025-11-27","8227","24","2"
"Fellowship","2025-11-27","8066","14476","308"
"Escape the Backrooms","2025-11-27","7972","16","1"
"Dying Light","2025-11-27","7815","2","1"
"Dying Light: The Beast","2025-11-27","7625","100","6"
"The First Descendant","2025-11-27","7575","11562","101"
"Raft","2025-11-27","7498","52","6"
"Ready or Not","2025-11-27","7465","514","15"
"Tabletop Simulator","2025-11-27","7412","20","7"
"The Isle","2025-11-27","7346","438","46"
"Dark Souls III","2025-11-27","6993","204","8"
"Dune: Awakening","2025-11-27","6761","1686","42"
"Warhammer 40,000: Darktide","2025-11-27","6336","3910","44"
"Counter-Strike 2","2025-11-26","1428414","180738","14449"
"Dota 2","2025-11-26","740936","66462","4831"
"PUBG","2025-11-26","618529","281091","3488"
"Battlefield™ 6","2025-11-26","215876","168164","6216"
"Apex Legends","2025-11-26","186397","153385","3109"
"Rust","2025-11-26","117087","4828","624"
"Marvel Rivals","2025-11-26","97113","102810","2097"
"Call Of Duty: MWII | MWIII","2025-11-26","71074","19154","338"
"EA SPORTS FC 26","2025-11-26","64342","79577","1318"
"Baldur's Gate 3","2025-11-26","56813","80","14"
"Path of Exile","2025-11-26","51146","342385","3151"
"Rainbow Six Siege","2025-11-26","45861","0","0"
"Farming Simulator 25","2025-11-26","45165","60","7"
"Don't Starve Together","2025-11-26","44896","140","16"
"R.E.P.O.","2025-11-26","44187","2020","248"
"Dead by Daylight","2025-11-26","44037","132959","2770"
"Team Fortress 2","2025-11-26","41356","1151","69"
"Overwatch 2","2025-11-26","40399","88324","2852"
"Europa Universalis V","2025-11-26","37351","0","0"
"Risk of Rain 2","2025-11-26","35574","336","79"
"Enshrouded","2025-11-26","34993","1327","95"
"PalWorld","2025-11-26","34254","335","31"
"Limbus Company","2025-11-26","33835","38","13"
"INAZUMA ELEVEN: Victory Road","2025-11-26","31264","44","5"
"Street Fighter VI","2025-11-26","31010","7588","161"
"Helldivers 2","2025-11-26","28508","1853","116"
"Elden Ring","2025-11-26","26511","767","115"
"Rocket League","2025-11-26","25671","105695","1676"
"Warhammer: Vermintide 2","2025-11-26","25640","1332","49"
"Hunt: Showdown","2025-11-26","24508","53139","243"
"Left 4 Dead 2","2025-11-26","24244","1479","65"
"Monster Hunter Wilds","2025-11-26","24140","1351","61"
"Project Zomboid","2025-11-26","23437","258","51"
"Total War Warhammer 3","2025-11-26","23032","26","8"
"NBA 2K26","2025-11-26","22812","24118","331"
"7 Days to Die","2025-11-26","22742","207","22"
"Football Manager 2024","2025-11-26","21726","0","0"
"PAYDAY 2","2025-11-26","21399","49","2"
"ARK: Survival Evolved","2025-11-26","21112","96","11"
"ARK Survival Ascended","2025-11-26","20386","1685","74"
"Factorio","2025-11-26","19814","69","12"
"Warhammer 40,000: Space Marine 2","2025-11-26","19431","4422","115"
"Phasmophobia","2025-11-26","18606","1593","69"
"Stalcraft: X","2025-11-26","18229","4797","89"
"CS: Source","2025-11-26","18210","133","29"
"Once Human","2025-11-26","18072","5593","187"
"Russian Fishing 4","2025-11-26","17924","21","6"
"Black Desert Online","2025-11-26","17702","357977","5466"
"Anno 117: Pax Romana","2025-11-26","17537","18","3"
"Final Fantasy XIV","2025-11-26","17400","60396","3410"
"IdleOn - The Idle MMO","2025-11-26","17310","50","6"
"EA SPORTS FC 25","2025-11-26","16975","3324","75"
"Eternal Return","2025-11-26","16736","10261","425"
"Sid Meier's Civilization V","2025-11-26","16582","0","0"
"Assetto Corsa","2025-11-26","16364","236","30"
"eFootball™ 2026","2025-11-26","16146","89272","325"
"Destiny 2","2025-11-26","16139","13552","140"
"No Man's Sky","2025-11-26","14689","82","8"
"NBA 2K25","2025-11-26","14195","82","6"
"The Planet Crafter","2025-11-26","14190","25","2"
"Party Animals","2025-11-26","14071","638","16"
"Stellaris","2025-11-26","14002","5","1"
"Schedule I ","2025-11-26","13527","28","4"
"MIR4","2025-11-26","13386","20117","1456"
"RV There Yet?","2025-11-26","13118","65","6"
"Unturned","2025-11-26","12962","270","9"
"Goose Goose Duck","2025-11-26","12824","36","4"
"Squad","2025-11-26","12405","52802","59"
"Split Fiction","2025-11-26","12281","28","1"
"The Finals","2025-11-26","12135","11949","205"
"Path of Exile 2","2025-11-26","11577","15940","286"
"F1 25","2025-11-26","11508","95","26"
"Arma Reforger","2025-11-26","11176","316","51"
"Solo Leveling: ARISE OVERDRIVE","2025-11-26","10862","171","29"
"Borderlands 4","2025-11-26","10698","2","1"
"Fallout 76","2025-11-26","10486","2572","36"
"Ghost Of Tsushima","2025-11-26","10462","0","0"
"Astroneer Space","2025-11-26","10404","0","0"
"Bloons TD 6","2025-11-26","10252","125","5"
"Sons of The Forest","2025-11-26","10040","18","6"
"Throne and Liberty Global","2025-11-26","9769","503292","2963"
"Blue Protocol: Star Resonance","2025-11-26","8673","65131","696"
"Sid Meier's Civilization VII","2025-11-26","8631","0","0"
"Diablo IV China","2025-11-26","8343","0","0"
"Fellowship","2025-11-26","8207","12088","308"
"Monster Hunter Rise","2025-11-26","8200","0","0"
"World of Tanks","2025-11-26","8188","95304","1174"
"Tabletop Simulator","2025-11-26","8153","48","12"
"Escape the Backrooms","2025-11-26","7885","56","1"
"Deep Rock Galactic","2025-11-26","7822","84","5"
"Dying Light","2025-11-26","7669","11","2"
"Raft","2025-11-26","7653","25","3"
"The Isle","2025-11-26","7324","515","46"
"Ready or Not","2025-11-26","7310","337","20"
"Dune: Awakening","2025-11-26","7247","1502","53"
"The First Descendant","2025-11-26","7202","8560","118"
"Dark Souls III","2025-11-26","6517","3","2"
"Warhammer 40,000: Darktide","2025-11-26","6332","3333","53"
"Blue Archive","2025-11-26","6222","520","28"
"Sea of Thieves","2025-11-26","6092","9870","172"